old	new
0561c4af213a83f9090f826222a40e44d25e0bba	41aec6465d619664addd5b1fa93568b1b1ffb0bb
071a5a6288e17cd660500367c8793df12599b6ce	0bffa504b6c1f38b167456c076136e68a298b4c6
09e0049c9c91a84d99be8bbbe3b4089f6d932164	2ab898dad1801823a78f9867949131dcf6a04b31
0e19fdb1a46ea9c7c95262276e0ec0970f7808a1	b81d6fee48e86b16faf8e01bf41f30284220b288
0feaed6090cd5debd474e87b40bbf1b6d33c2fb9	e16654ed2164c9a7e336d126cbdf6bef266f75fd
105e51580bde39982adab017dc5029711a8118f6	4dbf135dbabbb81ad0049bb2178eaa9796f0b7b5
10908c4d99be75d5fc7988eb8e7282bca90c90f1	ce203ea6cd25d1e8e23787b3220849beaa6d8cde
115a79eedf074591c138225feb6613b696824b38	d6a8302797a7d995d421c3764ed96d24d51ee97d
19a363aeafa1d7d6ead7231908217dc8809289d3	44e27915217bc5b392796384adbd0afacd5bdacc
1dba5e70ea29e4cb5021969438c00ac03d1c695a	ab960d4134e90097a1b79bf595765490e7c425a4
1eac0de703dbc6175dd46a09536b70af49321098	ad23d9ac28df21f57159bb0667f6888c638f09b9
201ddfb9ff58769c00082d83bcdc66e59297d0a3	26d78e96df27958de742568706bc14a81f9501d5
2148233402da1a0460513c79a4f5bc6ed51264ee	836af4c2f9af2a02eb48bf16367316d06e591377
23a7d870f3391f3c051dfa0e307e883372742c92	02640b4e14ff8b183296995d2ce5a8eccba5c178
253b38c7ed34a2ee737bcc781840579e1a843495	7b7d3f0ab6e3997ae10ece77aa66ab92aa7f6b30
287dd6968b3be82c4328df332b1a3c8b0da33baa	b4582cfb5dc92ba1736ba8c16c44fa5f10401fb9
2be0c52cfca94e63a36a4939e7b2c7f462b72aac	3c36220d5f64303e3bb7bf1e5c798bff90a7fb11
315116ac59417ecf0a10b349c0c71e3761e71d35	3c9ec11afe4ba206318196025f5e95f39cf63c7c
345e6f8407b21bcd0bb20086772b3952c2088544	6e54a1fccaec966bde251a2567ceeab4253abc41
3cd150755014b30b0a6de597960c8a7087075671	f7f4f7e11ca351726a8ab7861e7cf9a531ea0bed
4a0d5d1d5d34fc2e78d358405652e7c8b380aa63	106be528b51b5e9e5b2686664476762402a0b46e
545c8ccfaffddc03052a3d2ffbd5eb9119b26a8a	acca3928a4b0637fe1af52ccce333b2cd2b49b74
554a6181818a0285c5c6088ccf8d215255d3bb9c	0702b42e94a664392532a6010ef9a537c4451b75
574dc461b61dba0af6c5d3ebb2ea5e072d655c5b	d2cedd680d782b41d3ab07e219f872a00e5f8f21
5c942d6dec22981d4d1aab9e2d9ef616ab1d484c	69cf16ee24bc27d1071df72a25c94acf684c736d
608b334b6cdabe95bb02eb6dfe19a71a5919c615	9b1561a26a00c9e35386ec0b36ecb5db7d659d49
657c503a3955654011a875d2585b2de306a9e0a4	ae7ab954ec583c917f60b811d1cb47f427236da8
666b17fd81c35150dfffdc82217c770a1e9307df	0d22d8055ec00d71fa2ce914c67794416e0581ee
67bfad4297b77a324080092846cc6da73f8d0a2b	f98a55dd41ffb4951800db473ef2bcf615ce8a53
6b4aa273b1fb986924a0318e8e748701f64ef1f6	c92bcb975f676f7f28d2daeb64372397aa6642e6
6b7a4d6c85e2fcd297bcb32cbcb50a6ab3659794	dd56e9aa04dc4aa84483bbb5b38a437918c413a3
6bae2d9764e850259cd122af3ab87567e389cf3c	7ffef374d15858bfbe2515e3190c88746dd439cd
6db2a6729841586a13124bedbb2574d8057b2599	d5db801389adfa33a966762fab05367836339b92
6e146152bd36078764db4fc705187ec0dee88eae	d52c170c6dfe800e05ec2a60c516df4747c068e2
757b62137a4eb9ea0f4635b6301e3ed6399b655a	bedf7516a005c1d33cb2789b9e5b0de9df73e763
7b77a109e72aa1d0c3f3b244d0e8bb4e8a054649	d78c296f02307489c8b78095688f69c2ee2a53b7
7cf9206acdd4e6b61202dae03f16d66ef269cdd0	d7b27153937745ea31b077bd853699e63a0e8f88
924423abc9b383a0c855312d88a8819d7075d777	f2814562a4c737750ded38d3c6a086f93d02b80a
975b2861228475441e0e75792a17633b1e00df51	1e9c375c0420425a4c95344c3e1fa2482c0834f6
9bfdf31cb1f20bd2ce307650b78bbb2e1dda51ba	4cf84dd3da8249ae9e9cf308e434a02b9cd13d04
9f9fee16d7a2803b3b2dddf3e54a479d3ebe2d65	09ea802a2fb060ff8e261d0c3794bbd3f7dda920
a2bf1977a1d209b0d84c658ed2cd427d0dd08125	f11031347ff4b7408c3ff91e5611cb5b80ac6cd1
a38d429bed822aff03ca5087cf673056f10846e7	bfac53b1aab7dd39cd70017423147f4f465a3af2
a5cd235a175fe40f3d8efd7197452315e9537da8	677010b39b6de03082ac7b0e37862c98169983bd
a8e0ac98fc37e13b64cdb0cb5de1971e60680c98	03fd0365ec4e46a4f6df1ec892b78ded6303ec21
aa3cc4b92a1d3b4763bac170ea5544f73ef9fccd	a5d715e0fc71d8f9ae1db35de847686c5a67d20f
afd7d97a2313af1376ce0a8301a01bb8640d76c4	c022a442d5f23323dd4293853eab20e9245878e2
b396921a8d9168f959836bb6658fdde0ca1f2482	b243d30d6fdfa571802374cec8433655f3dccf6d
bac56c9bbf41007ec2d40cc4b9509be053f2a6fa	3f15a84752da933d78a96be03d651549cca4a5f0
bd702d9b6a52b3c69bd4f26bad00279d642c9a3b	6ef39b64e1552ecee5ab2e33775d4a7a3558938c
c16d192a836d21b5a4eb4aa94562377e550f693b	313335671880bf85a2da02cbdd706cf2ad1b9401
c1af91817078221f982e29c2ac1e143776ceebef	013fa5340e41e0d5ca1bc78d3bac3447adcbc100
c3d7fff448a735956308551dca29264288ed8061	035ef40eba3ddba0ca788d04d4be324f771138f5
c490acf68fe6eeef57a26e52f1edb603c4c70a60	5c57e6a1f1d351f134f551d2746f829d2a9c0cd8
c49e89a89dc5a2b7d29404ea2e04677d1f17e1bb	70b22ee7cf78acce6b60cc49fe00530c931db217
c73669c10e431c1cd5fcf51e350fcd546e0a60d8	3a662ea6c79772071c719dbb7faf2ecdbc2dba5d
c8cbb413a26effe9eda7d0c0268b6cb98dd39fad	841cd446e55a9027f035a66dfc63c3506b60727f
cbffc92206cbe15c807f7fdb5b393c897e7fc91d	fc3fdbc4d880257518652939cc2811b634002dcb
d46a90ec6cf1e83129f4bf99c0ed876ad2709c29	a22be7b67fb840291f791f06a2debc0dffd1f891
d5d4f58e2315cbcd195b5996c32cfed7aa524d51	6a56e0ff1beb88f6eb00d6790d9f51d724b20dfd
d88e687d9e2284f845a81d6be845b01e05d8ffc3	b4ac3c42180d744e8d5fd2f7c2e8201544ccec55
d9c25345d299bd5a0b07463a5d172b2ef414a7b4	82725fac93f613e7f4e59430ec4c06f800c03e99
da552d4bded808d8bd8a152dff7e9a363b000d2a	fdbba860b84112ebf1acb9c3202e8892cb9a18bb
da7090a82409f139f6290c8b477679342eba3f67	a5b208265146f1f5acce2321380c2f26e0e0b091
dbb0853e72f7a73f130a663c6dbfa85cd45a67a5	bc6d3cd7fd4abe687dd470e12c870633332e1474
dc6077ef532c79073d2bd45cb87760b26d2e5b20	6f086d41ee11f2caf21cd468e4aa50c3112f9092
de356c93c1cf7b776463fff417d24bbe863be7b6	ba6566b71df3948973d4f1c3011c0c59cf3ea6cd
de65974ffc1b45baee6758a99fcd84ea669be058	2a6f42279641ab872cbf516f1ecf15f4cf8d2ef9
df8e8b427a9e8df6cb9f1504b8b9a97da903f453	f8b2422c70ea7de026dfdb46387598b8587fc03e
dfebfbf0ee3d6b54eb7cbd9bb3aa23625b4df375	5522c79bca6acef81f1d7a0c872ccbc2dc996b5e
e17bd90c660b8da8ba006a3f277e62453b630e84	88291c1239a3c4f5e3aefbff5fa16d11cf7bb1bd
e2fe725785d6c42a921490a8af0639e7a7c09469	4e3a8ed80a5b453afad60e9eb8778d8b5c1f70b9
e313ef4ec488fc341593febcc9b455a6de789903	0a2ef42458b63f5823ae516956101ffe36790d30
e5515d293bbf5590972b3b20c6e20198d59356d8	114935e091cc4da34b90b99da8740a490530a315
e69c0ac790bb257c7b38b1c455e24b412c15ba84	572661e5011d6bb2dee37e69495aec117c65c9ac
e71c9aaaf9c28937959a50a9bad05f91f38cf49f	a74f2a713053d349dbb355034a054731c920b08f
e8be957309531a59f0aeb85085b0e05a2f9dc553	5ebf1c296ea17e0b7600dc19195e0f299c4d44d2
ed1d5e3accb2d6d6a282b2437b5af4d61501f2c3	9ac4cf6d8153a2a0b8a67d125f76dc076d484555
ee075b8ce26b3aaa1464db61225b968a2f3c93ff	82a87aec594038ee3155320c5af0159adf35544d
f2b4b48d2c3ebd7bc8216bf5886ab2c08e43accb	325e46f26315e583142005ad95a577779f07ea3f
f343030aa6a268be1f39d006ad84ac7e57adbe7f	1df4733a2d8d3981a7c1790c6f410d0cad3951a1
f4f6aca1d61d2ac901dbec819e0c92c571e403b8	45c558795fffc323fd9f8cb5d4a06d7df7e22c6d
fddd6c6afe929a598b550f087563991557f4cc9a	13f01974189f3011ce656f3e2bddb7e318a95b94
fe59e209960ce2ce3021feb13c15690c10b2536f	b95872365d1320741af73474e8acf7a778bb62e4
